num Df,den Df,MSE,F,pes,Pr(>F)
1,28,6.401380828437709e-4,9.379160865121033e-4,3.349588107808601e-5,0.9757855315694545
1,28,6.485718677334786e-4,0.19420143895843178,0.0068879921773590804,0.662826295539469
1,28,4.310575253952306e-4,0.02924884681401443,0.0010435116179483006,0.8654356483567369
