contrast,phase,estimate,SE,df,t.ratio,p.value
up - down,inhale,-0.014307889236415683,0.005610537754308743,28,-2.55018143767549,0.01652388128725948
up - down,exhale,-0.007067934619148453,0.004333252660439774,28,-1.6310922009406073,0.11406959009990764
