contrast,estimate,SE,df,t.ratio,p.value
up inhale - down inhale,-0.014307889236415683,0.005610537754308743,28,-2.55018143767549,0.09914328772355688
up inhale - up exhale,-0.011526550902310806,0.005803386423268857,28,-1.9861767012609644,0.34129186506027476
up inhale - down exhale,-0.01859448552145926,0.005115206858415079,28,-3.635138526386138,0.006644038816416687
down inhale - up exhale,0.002781338334104877,0.005171688016296709,28,0.5378008737844381,1
down inhale - down exhale,-0.004286596285043576,0.0066618682207355605,28,-0.6434525786176956,1
up exhale - down exhale,-0.007067934619148453,0.004333252660439774,28,-1.6310922009406073,0.6844175405994458
