num Df,den Df,MSE,F,pes,Pr(>F)
1,52,7.772627899548363e-4,0.27169118766931205,0.005197673568545318,0.6044124483944969
1,52,1.9739794673667577e-4,24.235305886701738,0.3179013398689501,9.013152426007217e-6
1,52,6.915448035042152e-5,7.511254285469337,0.12621569442039696,0.008384011751976544
