num Df,den Df,MSE,F,pes,Pr(>F)
1,52,4.7245522200545497e-4,12.189143480947996,0.1898941599768481,9.891524851675605e-4
1,52,9.469890861888244e-4,6.49403975986436,0.11102053793043441,0.013816487091691311
1,52,3.181220757135871e-4,1.02225671706333,0.019279766278494766,0.31666594865591235
