contrast,phase,estimate,SE,df,t.ratio,p.value
left - right,inhale,0.012900943857637404,0.003638738084560275,52,3.5454444804307546,8.391006794109731e-4
left - right,exhale,0.007946796148104007,0.004073412663390994,52,1.950893956687545,0.05646769633575159
