contrast,position,estimate,SE,df,t.ratio,p.value
inhale - exhale,left,-0.00829481897119988,0.004302608280108789,52,-1.9278582736772287,0.05934224657022541
inhale - exhale,right,-0.013248966680733276,0.00540625617533181,52,-2.450673118522749,0.017658905602907404
