contrast,estimate,SE,df,t.ratio,p.value
left exhale - right exhale,-0.021914390340086385,0.006931354421962964,52,-3.1616317686262847,0.015704119001564994
left exhale - left inhale,0.006633107518256572,0.0048466707690755974,52,1.3685904890795173,1
left exhale - right inhale,-0.028143748548781256,0.005902009980623957,52,-4.768502364647969,9.236207872325287e-5
right exhale - left inhale,0.028547497858342957,0.0062459867176612545,52,4.570534512604963,1.819480000667041e-4
right exhale - right inhale,-0.006229358208694871,0.006464113432352797,52,-0.9636833069043963,1
left inhale - right inhale,-0.03477685606703783,0.005358375360147301,52,-6.490186619938812,1.928461611897577e-7
