contrast,phase,estimate,SE,df,t.ratio,p.value
up - down,inhale,0.006321470550573138,0.0032255683846434914,52,1.9598005054454377,0.0553886848255327
up - down,exhale,0.004744945656783017,0.0030529639279410353,52,1.554209538264371,0.12620019203307098
