contrast,estimate,SE,df,t.ratio,p.value
up inhale - down inhale,0.006321470550573138,0.0032255683846434914,52,1.9598005054454377,0.3323321089531962
up inhale - up exhale,-0.013016311724768581,0.004895502204190533,52,-2.658830735205606,0.06237985472126763
up inhale - down exhale,-0.008271366067985564,0.005046556989613655,52,-1.6390117232419856,0.6434874980014412
down inhale - up exhale,-0.01933778227534172,0.005349757369645404,52,-3.6147026751277656,0.0040718390409823614
down inhale - down exhale,-0.014592836618558702,0.00486092793876367,52,-3.002068082965708,0.024682880364170594
up exhale - down exhale,0.004744945656783017,0.0030529639279410353,52,1.554209538264371,0.7572011521984259
