num Df,den Df,MSE,F,pes,Pr(>F)
1,52,5.910546196835874e-4,4.022325333690496,0.07179861438688917,0.0501182019519688
1,52,0.001297370260464955,6.191589516964397,0.1064000754810003,0.01607728645205056
1,52,4.8819998479297664e-4,0.4177588925306251,0.007969796903891565,0.5209000116426606
