contrast,phase,estimate,SE,df,t.ratio,p.value
up - down,inhale,-0.004735866683161949,0.004673835170930215,52,-1.0132720795584642,0.3156219132946899
up - down,exhale,-0.00865918723461806,0.004345325493348911,52,-1.9927591725572869,0.05154824667734838
