contrast,position,estimate,SE,df,t.ratio,p.value
inhale - exhale,up,-0.010349390216913945,0.0060801723786444994,52,-1.7021540792600383,0.09469846071438254
inhale - exhale,down,-0.014272710768370056,0.005514663462169273,52,-2.588138127789883,0.01248155496455708
