contrast,phase,estimate,SE,df,t.ratio,p.value
up - down,inhale,0.01744780665884721,0.004405559171846429,52,3.9604068356059776,2.2862382966430588e-4
up - down,exhale,0.018138885179132036,0.0038412700304694103,52,4.722106239668714,1.8060213637035735e-5
