contrast,phase,estimate,SE,df,t.ratio,p.value
down - up,exhale,-0.026798072413750037,0.005475325251062446,52,-4.89433434270413,9.956387321622489e-6
down - up,inhale,-0.02218367334200926,0.006391451968920027,52,-3.4708347101539223,0.001052245887654229
